vol_5/markdown/[0]နိဒါနကထာ.md	vol_5/chinese/[0]序论.md
vol_5/markdown/[1]a  ဝိပဿနာပိုင်း .md	vol_5/chinese/[1]a 内观篇.md
vol_5/markdown/[1]b မဂ္ဂါမဂ္ဂဉာဏဒဿနဝိသုဒ္ဓိ နိဒ္ဒေသ - သမ္မသနဉာဏ်ခန်း/[1]b မဂ္ဂါမဂ္ဂဉာဏဒဿနဝိသုဒ္ဓိ နိဒ္ဒေသ - သမ္မ.md	vol_5/chinese/[1]b 道非道智见清净释 - 思惟智章/[1]b 道非道智见清净释 - 思惟.md
vol_5/markdown/[1]b မဂ္ဂါမဂ္ဂဉာဏဒဿနဝိသုဒ္ဓိ နိဒ္ဒေသ - သမ္မသနဉာဏ်ခန်း/[1]c ကလာပသမ္မသန ခေါ် နယဝိပဿနာ.md	vol_5/chinese/[1]b 道非道智见清净释 - 思惟智章/[1]c 聚思惟即理观.md
vol_5/markdown/[1]b မဂ္ဂါမဂ္ဂဉာဏဒဿနဝိသုဒ္ဓိ နိဒ္ဒေသ - သမ္မသနဉာဏ်ခန်း/[6] ထင်ရှားရာ လွယ်ကူရာက စပါ.md	vol_5/chinese/[1]b 道非道智见清净释 - 思惟智章/[6]从明显易行处入手.md
vol_5/markdown/[1]b မဂ္ဂါမဂ္ဂဉာဏဒဿနဝိသုဒ္ဓိ နိဒ္ဒေသ - သမ္မသနဉာဏ်ခန်း/[7]a သတိပြု၍ မှတ်သားပါ.md	vol_5/chinese/[1]b 道非道智见清净释 - 思惟智章/[7]a 应注意并记住.md
vol_5/markdown/[1]b မဂ္ဂါမဂ္ဂဉာဏဒဿနဝိသုဒ္ဓိ နိဒ္ဒေသ - သမ္မသနဉာဏ်ခန်း/[7]b အကြောင်း ဥပါယ်တံမျဉ်.md	vol_5/chinese/[1]b 道非道智见清净释 - 思惟智章/[7]b 原因与方便.md
vol_5/markdown/[1]b မဂ္ဂါမဂ္ဂဉာဏဒဿနဝိသုဒ္ဓိ နိဒ္ဒေသ - သမ္မသနဉာဏ်ခန်း/[9]a ရုပ်နာမ် နှစ်ပါးနည်းအားဖြင့် ရှုနည်း.md	vol_5/chinese/[1]b 道非道智见清净释 - 思惟智章/[9]a 依名色二法的观照法.md
vol_5/markdown/[1]b မဂ္ဂါမဂ္ဂဉာဏဒဿနဝိသုဒ္ဓိ နိဒ္ဒေသ - သမ္မသနဉာဏ်ခန်း/[9]b လက္ခဏာရေး သုံးတန်.md	vol_5/chinese/[1]b 道非道智见清净释 - 思惟智章/[9]b 三种相.md
vol_5/markdown/[1]b မဂ္ဂါမဂ္ဂဉာဏဒဿနဝိသုဒ္ဓိ နိဒ္ဒေသ - သမ္မသနဉာဏ်ခန်း/[13] အနိစ္စလက္ခဏာက စ၍ ရှုပုံ.md	vol_5/chinese/[1]b 道非道智见清净释 - 思惟智章/[13]从无常相开始的观法.md
